{"cameraMode":{"drawMode":0,"name":"Shaded","section":"Shading Mode"},"sceneLighting":false,"audioPlay":false,"sceneViewState":{"showFog":false,"showMaterialUpdate":false,"showSkybox":false,"showFlares":false,"showImageEffects":false,"showParticleSystems":false},"in2DMode":false,"pivot":{"x":681.9099731445313,"y":-57.4141845703125,"z":259.60382080078127},"rotation":{"x":0.02170909009873867,"y":-0.8329653739929199,"z":0.5520774722099304,"w":0.03273552656173706},"size":2084.7431640625,"orthographic":false}