{"cameraMode":{"drawMode":0,"name":"Shaded","section":"Shading Mode"},"sceneLighting":false,"audioPlay":false,"sceneViewState":{"showFog":false,"showMaterialUpdate":false,"showSkybox":false,"showFlares":false,"showImageEffects":false,"showParticleSystems":false},"in2DMode":false,"pivot":{"x":252.08023071289063,"y":-173.42811584472657,"z":-514.3471069335938},"rotation":{"x":-0.043490249663591388,"y":-0.945909321308136,"z":0.28826677799224856,"w":-0.14267784357070924},"size":632.7230224609375,"orthographic":false}