{"cameraMode":{"drawMode":0,"name":"Shaded","section":"Shading Mode"},"sceneLighting":false,"audioPlay":false,"sceneViewState":{"showFog":false,"showMaterialUpdate":false,"showSkybox":false,"showFlares":false,"showImageEffects":false,"showParticleSystems":false},"in2DMode":false,"pivot":{"x":233.6968536376953,"y":46.69227600097656,"z":10.277746200561524},"rotation":{"x":0.2579626142978668,"y":0.712129533290863,"z":-0.32522207498550417,"w":0.5671501159667969},"size":201.06448364257813,"orthographic":false}